"coord. (T1, T2, T3)",n_right,n_left,D-LR,g-test,p-value(g-test),index
"[(0.0, 0.25), (0.0, 0.25), (0.75, 1.0)]",108,7,0.8782608695652174,,0.0,6
"[(0.0, 0.25), (0.0, 0.25), (0.5, 0.75)]",858,317,0.4604255319148936,,0.0,5
"[(0.0, 0.25), (0.25, 0.5), (0.5, 0.75)]",492,223,0.37622377622377623,,0.0,4
"[(0.25, 0.5), (0.0, 0.25), (0.5, 0.75)]",355,55,0.7317073170731707,,0.0,3
"[(0.25, 0.5), (0.0, 0.25), (0.25, 0.5)]",1699,513,0.5361663652802894,,0.0,2
"[(0.5, 0.75), (0.0, 0.25), (0.25, 0.5)]",324,142,0.3905579399141631,73.00884386895453,0.0,1
