"coord. (T1, T2, T3)",n_right,n_left,D-LR,g-test,p-value(g-test),index
"[(0.0, 0.25), (0.0, 0.25), (0.75, 1.0)]",3,3,0.0,-0.0,1.0,6
"[(0.0, 0.25), (0.0, 0.25), (0.5, 0.75)]",106,16,0.7377049180327869,,0.0,5
"[(0.0, 0.25), (0.25, 0.5), (0.5, 0.75)]",38,18,0.35714285714285715,7.3030262838444004,0.006883857005075766,4
"[(0.25, 0.5), (0.0, 0.25), (0.5, 0.75)]",29,4,0.7575757575757576,21.37172788834331,3.783088632136611e-06,3
"[(0.25, 0.5), (0.0, 0.25), (0.25, 0.5)]",127,41,0.5119047619047619,46.181985018882074,1.0776379788524082e-11,2
"[(0.5, 0.75), (0.0, 0.25), (0.25, 0.5)]",27,9,0.5,9.41846658776186,0.002148110775790135,1
